"","logFC","AveExpr","t","P.Value","adj.P.Val","B","threshold"
"PVALB",-1.28318502868063,8.71426227389123,-6.21737949695064,2.05792042633221e-08,6.68756665757104e-06,9.07692006391981,"Downregulated"
"TESPA1",-1.06252590739852,10.0761208866953,-4.81736505285234,6.64150477377762e-06,0.00044328131020402,3.63355128019022,"Downregulated"
