"","logFC","AveExpr","t","P.Value","adj.P.Val","B","threshold"
"SEMA3D",1.11796575664033,8.37552230516835,6.32529391294022,1.29004296342237e-08,5.11450433278431e-06,9.51856287310599,"Upregulated"
"CD24",1.01297710322541,7.12074620371583,5.67843972669461,2.03604503281218e-07,4.03605206854358e-05,6.91192308306098,"Upregulated"
